{
    "crossing": 0.972972972972973,
    "crossingAngle": 0.715291543729895,
    "angularResolutionMin": 0.8932660533148197,
    "angularResolutionDev": 0.9079048446480715
}