{
    "crossing": 0.6429404900816803,
    "crossingAngle": 0.783753216534197,
    "angularResolutionMin": 0.5751765877616952,
    "angularResolutionDev": 0.7131666004653258
}