"","Understand_average","Layout_average","DataRead_average","DataFeat_average","Extraversion_average","Greadability_average"
"Understand_average",1,0.768332500001241,0.84935536477299,0.781796570144918,NA,0.701366076635226
"Layout_average",0.768332500001241,1,0.845098455242063,0.783526656718012,NA,0.843204950368219
"DataRead_average",0.84935536477299,0.845098455242063,1,0.826371681083448,NA,0.783614427194351
"DataFeat_average",0.781796570144918,0.783526656718012,0.826371681083448,1,NA,0.737468812261312
"Extraversion_average",NA,NA,NA,NA,1,NA
"Greadability_average",0.701366076635226,0.843204950368219,0.783614427194351,0.737468812261312,NA,1
