"","Understand_average","Layout_average","DataRead_average","DataFeat_average","Extraversion_average","Greadability_average"
"Understand_average",1,0.716190958824153,0.823313395929348,0.728562903018595,0.129298653151782,0.549427605448727
"Layout_average",0.716190958824153,1,0.803849826748178,0.736694623190487,0.0521837433013346,0.742548657866263
"DataRead_average",0.823313395929348,0.803849826748178,1,0.795611876745123,0.145819398213762,0.656474991465183
"DataFeat_average",0.728562903018595,0.736694623190487,0.795611876745123,1,0.0767355217149964,0.612512934428204
"Extraversion_average",0.129298653151782,0.0521837433013346,0.145819398213762,0.0767355217149964,1,3.16800258072267e-20
"Greadability_average",0.549427605448727,0.742548657866263,0.656474991465183,0.612512934428204,3.16800258072267e-20,1
