,A,B,C,D,E,F,Total,Mean,Std
valid_participations,288,288,287,309,293,293,1758,293.0,8.270429251254134
excluded_participations,3,6,6,6,6,6,33,5.5,1.224744871391589
