"","find","identifi","valu","inform","readabl"
"find",1,0.768611625781951,0.599764501028168,0.77703976714549,0.749357329719017
"identifi",0.768611625781951,1,0.584200816126567,0.832178039463004,0.782565924816691
"valu",0.599764501028168,0.584200816126567,1,0.577638735738054,0.567989761495639
"inform",0.77703976714549,0.832178039463004,0.577638735738054,1,0.800268120529653
"readabl",0.749357329719017,0.782565924816691,0.567989761495639,0.800268120529653,1
