"","visibl","see"
"visibl",1,0.782328460091971
"see",0.782328460091971,1
