"","understand1","understand2","understand3","layout1","layout2","layout3","dataRead1","dataRead2","dataRead3","dataFeat1","dataFeat2"
"understand1",1,0.7854149369303,0.781938612891039,0.530670068619207,0.41893643757932,0.587396904826539,0.567043880787513,0.685031590982001,0.676854968399859,0.526539817787217,0.557547009757128
"understand2",0.7854149369303,1,0.826047913990849,0.63407237500359,0.494109868006917,0.671719830848732,0.687124668017687,0.784530293976372,0.782996665262624,0.580949324592916,0.601881332791829
"understand3",0.781938612891039,0.826047913990849,1,0.593921886581569,0.463204841952523,0.658160539059174,0.641004466668428,0.7381348998979,0.733067422490654,0.570640115885851,0.584600043643264
"layout1",0.530670068619207,0.63407237500359,0.593921886581569,1,0.761479411888715,0.783892369699309,0.660783406949029,0.662184668796699,0.688240415035327,0.504127746513618,0.532006942368643
"layout2",0.41893643757932,0.494109868006917,0.463204841952523,0.761479411888715,1,0.651882449711414,0.554044811560616,0.541333130602191,0.559813238788321,0.401149507350856,0.423125460246291
"layout3",0.587396904826539,0.671719830848732,0.658160539059174,0.783892369699309,0.651882449711414,1,0.673073528403701,0.696291644730409,0.714492664253433,0.55376954429592,0.580310425850957
"dataRead1",0.567043880787513,0.687124668017687,0.641004466668428,0.660783406949029,0.554044811560616,0.673073528403701,1,0.768628006899787,0.776914176785381,0.571006608469582,0.590834837120492
"dataRead2",0.685031590982001,0.784530293976372,0.7381348998979,0.662184668796699,0.541333130602191,0.696291644730409,0.768628006899787,1,0.832087115213093,0.58695041856202,0.625905935999918
"dataRead3",0.676854968399859,0.782996665262624,0.733067422490654,0.688240415035327,0.559813238788321,0.714492664253433,0.776914176785381,0.832087115213093,1,0.595206062227959,0.624018470810541
"dataFeat1",0.526539817787217,0.580949324592916,0.570640115885851,0.504127746513618,0.401149507350856,0.55376954429592,0.571006608469582,0.58695041856202,0.595206062227959,1,0.782588560416154
"dataFeat2",0.557547009757128,0.601881332791829,0.584600043643264,0.532006942368643,0.423125460246291,0.580310425850957,0.590834837120492,0.625905935999918,0.624018470810541,0.782588560416154,1
