"","understand1","understand2","understand3","layout1","layout2","layout3","dataRead1","dataRead2","dataRead3","dataFeat1","dataFeat2"
"understand1",1,0.82537531007065,0.839600350767878,0.63342403823972,0.67150397420841,0.493713871503919,0.782117137561986,0.783711168662525,0.686391317094885,0.580489197680264,0.602501808643285
"understand2",0.825375310070649,1,0.783402304178105,0.593719287751579,0.658944731972214,0.463170691049415,0.733606441727546,0.737981620825461,0.642098456897827,0.570629625678362,0.585228062009544
"understand3",0.839600350767878,0.783402304178105,1,0.653556477419966,0.671022351211752,0.497017062317373,0.75893579036376,0.764393657628291,0.68554171831154,0.578814328361391,0.612996837069865
"layout1",0.63342403823972,0.593719287751579,0.653556477419966,1,0.783913437257666,0.762112550567029,0.688229812892136,0.662089092805838,0.660625150394071,0.503377496845739,0.532348477302579
"layout2",0.67150397420841,0.658944731972214,0.671022351211752,0.783913437257666,1,0.6522771631718,0.714983403726079,0.697141050067307,0.673347759016017,0.553282331914145,0.580478989964917
"layout3",0.493713871503919,0.463170691049415,0.497017062317373,0.762112550567029,0.6522771631718,1,0.559895475043578,0.541202755286407,0.554193551573627,0.399070846739852,0.42442746632895
"dataRead1",0.782117137561986,0.733606441727546,0.75893579036376,0.688229812892136,0.714983403726079,0.559895475043578,1,0.832167072391935,0.776982230934111,0.595228721669424,0.624215875421841
"dataRead2",0.783711168662525,0.737981620825461,0.764393657628291,0.662089092805838,0.697141050067307,0.541202755286407,0.832167072391935,1,0.768375881559338,0.587082043637302,0.626072746374514
"dataRead3",0.686391317094885,0.642098456897827,0.68554171831154,0.660625150394071,0.673347759016017,0.554193551573627,0.776982230934111,0.768375881559338,1,0.570613342174698,0.591147483088342
"dataFeat1",0.580489197680264,0.570629625678362,0.578814328361391,0.503377496845739,0.553282331914145,0.399070846739852,0.595228721669424,0.587082043637302,0.570613342174698,1,0.783060733377151
"dataFeat2",0.602501808643285,0.585228062009544,0.612996837069865,0.532348477302579,0.580478989964917,0.42442746632895,0.624215875421841,0.626072746374514,0.591147483088342,0.783060733377151,1
