"","understand1","understand2","understand3","layout1","layout2","layout3","dataRead1","dataRead2","dataRead3","dataFeat1","dataFeat2"
"understand1",1,0.78069517120793,0.784306248256961,0.529913537012344,0.419026293889702,0.481840136847144,0.675833034211295,0.683890512913598,0.566239751953793,0.527327049808002,0.55886592874981
"understand2",0.78069517120793,1,0.824584274761208,0.5935039099693,0.462592605071409,0.544988355104367,0.73331326878733,0.738147281689607,0.641474792251384,0.571356822892194,0.584776897747161
"understand3",0.784306248256961,0.824584274761208,1,0.633805655309569,0.494489217307763,0.582480260281698,0.783171695827953,0.784575398437648,0.687183947342144,0.582086181433354,0.602396784904889
"layout1",0.529913537012344,0.5935039099693,0.633805655309569,1,0.761596457214016,0.722126998314729,0.688136138358473,0.662057431959932,0.66053517789207,0.503901353165209,0.531735868834355
"layout2",0.419026293889702,0.462592605071409,0.494489217307763,0.761596457214016,1,0.674862325675683,0.559833373126237,0.541167136062757,0.55456384617816,0.400878360176706,0.424596245444921
"layout3",0.481840136847144,0.544988355104367,0.582480260281699,0.722126998314729,0.674862325675683,1,0.635936220242602,0.626506605211622,0.635989153266997,0.453863260510431,0.473216028961219
"dataRead1",0.675833034211295,0.73331326878733,0.783171695827953,0.688136138358473,0.559833373126237,0.635936220242602,1,0.832104446919533,0.776856606252524,0.59612920830333,0.624360999104
"dataRead2",0.683890512913598,0.738147281689607,0.784575398437648,0.662057431959932,0.541167136062756,0.626506605211622,0.832104446919533,1,0.768927743262351,0.588754075394894,0.626384590081165
"dataRead3",0.566239751953793,0.641474792251384,0.687183947342144,0.66053517789207,0.55456384617816,0.635989153266997,0.776856606252524,0.768927743262351,1,0.571027943368519,0.590510134029077
"dataFeat1",0.527327049808002,0.571356822892194,0.582086181433354,0.503901353165209,0.400878360176706,0.453863260510431,0.59612920830333,0.588754075394894,0.571027943368519,1,0.784847267987118
"dataFeat2",0.55886592874981,0.584776897747161,0.602396784904889,0.531735868834355,0.424596245444921,0.473216028961219,0.624360999104,0.626384590081165,0.590510134029077,0.784847267987118,1
