"","understand1","understand2","understand3","layout1","layout2","layout3","dataRead1","dataRead2","dataRead3","dataFeat1","dataFeat2"
"understand1",1,0.696082274977068,0.737721398803553,0.419827604573332,0.531213276464855,0.483182502773574,0.567646581620377,0.684905209482117,0.474701999422676,0.526790912070926,0.55793265656461
"understand2",0.696082274977068,1,0.68331084205843,0.36920463228689,0.480764868010305,0.457632037264195,0.534348641319997,0.6339723225683,0.435728364828964,0.474369653204976,0.495915903988461
"understand3",0.737721398803553,0.68331084205843,1,0.418208449525643,0.508152242058643,0.484120035039416,0.578373794042013,0.691112261777798,0.50206366833307,0.497174169188775,0.52077302980553
"layout1",0.419827604573332,0.36920463228689,0.418208449525643,1,0.761575783989677,0.673978613127079,0.554909422761117,0.541713232964159,0.323577438441222,0.400293573617671,0.42460728418938
"layout2",0.531213276464855,0.480764868010305,0.508152242058643,0.761575783989677,1,0.721570930206444,0.660896688076975,0.662412095396954,0.437246242965338,0.503446439498359,0.531667608568395
"layout3",0.483182502773574,0.457632037264195,0.484120035039416,0.673978613127079,0.721570930206444,1,0.635788906635034,0.627147413175177,0.419539217748007,0.452993515359439,0.473113899442119
"dataRead1",0.567646581620377,0.534348641319997,0.578373794042013,0.554909422761117,0.660896688076975,0.635788906635034,1,0.768543538149383,0.600739937082268,0.571538531339975,0.591433960188016
"dataRead2",0.684905209482117,0.6339723225683,0.691112261777798,0.541713232964159,0.662412095396954,0.627147413175177,0.768543538149383,1,0.586907496730545,0.588421686190541,0.626706581218178
"dataRead3",0.474701999422676,0.435728364828964,0.50206366833307,0.323577438441222,0.437246242965338,0.419539217748007,0.600739937082268,0.586907496730545,1,0.519170561277197,0.518516784786001
"dataFeat1",0.526790912070926,0.474369653204976,0.497174169188775,0.400293573617671,0.503446439498359,0.452993515359439,0.571538531339975,0.588421686190541,0.519170561277197,1,0.783534555352945
"dataFeat2",0.55793265656461,0.49591590398846,0.52077302980553,0.42460728418938,0.531667608568395,0.473113899442119,0.591433960188016,0.626706581218178,0.518516784786001,0.783534555352945,1
