"","obvious","meanOveral","confid","represent","understandEasi","understandQuick","meanElem"
"obvious",1,0.696884925415782,0.736588059493122,0.781951747826808,0.785796894414497,0.779768084902456,0.678914820107666
"meanOveral",0.696884925415782,1,0.682398231413516,0.71787759438342,0.710547808484442,0.678243273637857,0.666809026681779
"confid",0.736588059493122,0.682398231413516,1,0.738339905620046,0.769225221242891,0.718028749855973,0.665448161330351
"represent",0.781951747826808,0.71787759438342,0.738339905620046,1,0.8252738915095,0.782732995935617,0.730133017793161
"understandEasi",0.785796894414497,0.710547808484442,0.769225221242891,0.8252738915095,1,0.838780881221766,0.734034238961952
"understandQuick",0.779768084902457,0.678243273637857,0.718028749855973,0.782732995935617,0.838780881221766,1,0.725106576150491
"meanElem",0.678914820107666,0.666809026681779,0.665448161330351,0.730133017793161,0.734034238961952,0.725106576150491,1
