{
    "crossing": 0.8786464410735122,
    "crossingAngle": 0.8460809366342812,
    "angularResolutionMin": 0.6412319368891846,
    "angularResolutionDev": 0.7761013844755082
}