PID,Understand,Layout,DataFeat,DataRead
P1,6.333333333,7,6,6
P2,5.666666667,6,6,5.666666667
P3,6,6,6,6
P4,7,4,4.5,6
P5,4.333333333,3.666666667,5,5.666666667
