"","A - factors","B - factors","C - factors"
"alpha",0.931435286253881,0.942177739336375,0.938102493249418
"omega.tot (1 factor)",0.932582211254278,0.942852493893045,0.938894796446465
"omega.tot (4 factors)",0.969556617193587,0.971162554007023,0.96930054579469
