"","understand1","understand2","understand3","layout1","layout2","layout3","dataRead1","dataRead2","dataRead3","dataFeat1","dataFeat2"
"understand1",1,0.822731251479735,0.834817713236851,0.634386611939252,0.587498444447519,0.6310857600161,0.700248051116524,0.742444475693292,0.684462674588399,0.642090157602862,0.63212608634346
"understand2",0.822731251479735,1,0.835231548529916,0.650166886534245,0.591449263788765,0.636508146059519,0.700802812267094,0.762831144636109,0.706556199083747,0.675095998060252,0.638486451235442
"understand3",0.834817713236851,0.835231548529916,1,0.7166305272842,0.668845271736478,0.684748330027005,0.792868485422132,0.814386103095815,0.778484947073985,0.721200585037057,0.698495002787255
"layout1",0.634386611939252,0.650166886534245,0.7166305272842,1,0.913765855929093,0.861538991102412,0.787162944433217,0.772510817967288,0.743352195014446,0.70247965551461,0.731497903159992
"layout2",0.587498444447519,0.591449263788765,0.668845271736478,0.913765855929093,1,0.837044574267618,0.753335989336011,0.722740983121611,0.710660526932935,0.6614360431216,0.703895623337251
"layout3",0.6310857600161,0.636508146059519,0.684748330027005,0.861538991102412,0.837044574267618,1,0.733345557980744,0.703216981562966,0.698017735791574,0.645377078919061,0.667796704511753
"dataRead1",0.700248051116524,0.700802812267094,0.792868485422132,0.787162944433217,0.753335989336011,0.733345557980744,1,0.900924949649489,0.854032661486671,0.728942469468389,0.749425996830537
"dataRead2",0.742444475693292,0.762831144636109,0.814386103095815,0.772510817967288,0.722740983121611,0.703216981562966,0.900924949649489,1,0.878540373991849,0.76222916170744,0.759664478701543
"dataRead3",0.684462674588399,0.706556199083747,0.778484947073985,0.743352195014446,0.710660526932935,0.698017735791574,0.854032661486671,0.878540373991849,1,0.732163380070428,0.72375779945496
"dataFeat1",0.642090157602862,0.675095998060252,0.721200585037057,0.70247965551461,0.6614360431216,0.645377078919061,0.728942469468389,0.76222916170744,0.732163380070428,1,0.897236479445265
"dataFeat2",0.63212608634346,0.638486451235442,0.698495002787255,0.731497903159992,0.703895623337251,0.667796704511753,0.749425996830537,0.759664478701543,0.72375779945496,0.897236479445265,1
